"Positions for account CEE Fund Portfolio ...948 as of 11:38 AM ET, 2026/08/03"

"Symbol","Description","Qty (Quantity)","Price","Price Chng $ (Price Change $)","Price Chng % (Price Change %)","Mkt Val (Market Value)","Day Chng $ (Day Change $)","Day Chng % (Day Change %)","Cost Basis","Gain $ (Gain/Loss $)","Gain % (Gain/Loss %)","Reinvest?","Reinvest Capital Gains?","Asset Type",
"AAPL","APPLE INC","10.1242","304.275","-4.635","-1.5%","$3,080.54","-$46.93","-1.5%","$1,824.05","$1,256.49","68.88%","Yes","N/A","Equity",
"ABBV","ABBVIE INC","20.1735","246.2071","-4.7329","-1.89%","$4,966.86","-$95.48","-1.89%","$3,235.98","$1,730.88","53.49%","Yes","N/A","Equity",
"ADI","ANALOG DEVICES INC","14.5664","360.5732","-6.8368","-1.86%","$5,252.25","-$99.59","-1.86%","$1,930.12","$3,322.13","172.12%","Yes","N/A","Equity",
"BRK/B","BERKSHIRE HATHAWAY CLASS B","8","513.5201","1.9801","0.39%","$4,108.16","$15.84","0.39%","$3,117.44","$990.72","31.78%","Yes","N/A","Equity",
"COF","CAPITAL ONE FINL CORP","15.4779","215.96","6.95","3.33%","$3,342.61","$107.57","3.33%","$2,231.67","$1,110.94","49.78%","Yes","N/A","Equity",
"DAR","DARLING INGREDIENTS INC","20","60.065","-0.575","-0.95%","$1,201.30","-$11.50","-0.95%","$1,170.02","$31.28","2.67%","Yes","N/A","Equity",
"DIS","DISNEY WALT CO","20.1551","97.8375","1.6475","1.71%","$1,971.92","$33.21","1.71%","$2,163.60","-$191.68","-8.86%","Yes","N/A","Equity",
"DLR","DIGITAL RLTY TR INC REIT","18.5389","191.03","2.51","1.33%","$3,541.49","$46.53","1.33%","$1,903.40","$1,638.09","86.06%","Yes","N/A","Equity",
"ET","ENERGY TRANSFER L P LP","96.723","20.3861","0.0261","0.13%","$1,971.80","$2.52","0.13%","$1,683.32","$288.48","17.14%","Yes","N/A","Equity",
"FSLR","FIRST SOLAR INC","3","237.46","26.43","12.52%","$712.38","$79.29","12.52%","$306.66","$405.72","132.3%","Yes","N/A","Equity",
"GD","GENERAL DYNAMICS CORP","4.072","381.49","-1.93","-0.5%","$1,553.43","-$7.86","-0.5%","$1,151.34","$402.09","34.92%","Yes","N/A","Equity",
"GOOGL","ALPHABET INC CLASS A","34.2948","373.9843","17.8543","5.01%","$12,825.72","$612.31","5.01%","$4,684.94","$8,140.78","173.76%","Yes","N/A","Equity",
"GRMN","GARMIN LTD F","7.2619","301.0688","7.2888","2.48%","$2,186.33","$52.93","2.48%","$1,083.91","$1,102.42","101.71%","Yes","N/A","Equity",
"HD","HOME DEPOT INC","7.8776","334.55","2.59","0.78%","$2,635.45","$20.40","0.78%","$1,722.24","$913.21","53.02%","Yes","N/A","Equity",
"HOOD","ROBINHOOD MKTS INC CLASS A","14","90.79","4.23","4.89%","$1,271.06","$59.22","4.89%","$979.37","$291.69","29.78%","Yes","N/A","Equity",
"HWM","HOWMET AEROSPACE INC","16.0074","283.1593","0.8993","0.32%","$4,532.64","$14.40","0.32%","$4,125.28","$407.36","9.87%","Yes","N/A","Equity",
"IREN","IREN LTD F","18","38.87","2.07","5.63%","$699.66","$37.26","5.62%","$1,184.85","-$485.19","-40.95%","Yes","N/A","Equity",
"ISRG","INTUITIVE SURGICAL INC","5","373.36","20.03","5.67%","$1,866.80","$100.15","5.67%","$935.04","$931.76","99.65%","Yes","N/A","Equity",
"LLY","ELI LILLY AND CO","3.026","1,116.9547","-31.8853","-2.78%","$3,379.90","-$96.48","-2.78%","$2,717.18","$662.72","24.39%","Yes","N/A","Equity",
"MBGL","MOBILITY GLOBAL INC","4","20.88","0.50","2.45%","$83.52","$2.00","2.45%","$85.19","-$1.67","-1.96%","No","N/A","Equity",
"MSFT","MICROSOFT CORP","22.7249","487.30","22.58","4.86%","$11,073.84","$513.13","4.86%","$7,521.63","$3,552.21","47.23%","Yes","N/A","Equity",
"NFLX","NETFLIX INC","21","73.145","1.435","2%","$1,536.05","$30.14","2%","$1,936.31","-$400.26","-20.67%","Yes","N/A","Equity",
"PANW","PALO ALTO NETWORKS INC","22","337.018","5.188","1.56%","$7,414.40","$114.14","1.56%","$2,824.06","$4,590.34","162.54%","Yes","N/A","Equity",
"PLTR","PALANTIR TECHNOLOGIES INCLASS CLASS A","36","124.9147","1.8547","1.51%","$4,496.93","$66.77","1.51%","$3,721.42","$775.51","20.84%","Yes","N/A","Equity",
"SOFI","SOFI TECHNOLOGIES INC","100","17.435","1.125","6.9%","$1,743.50","$112.50","6.9%","$756.69","$986.81","130.41%","Yes","N/A","Equity",
"SOUN","SOUNDHOUND AI INC CLASS A","50","6.135","0.005","0.08%","$306.75","$0.25","0.08%","$97.90","$208.85","213.33%","Yes","N/A","Equity",
"SPGI","S&P GLOBAL INC","4.0091","411.0705","-0.8595","-0.21%","$1,648.02","-$3.45","-0.21%","$1,678.66","-$30.64","-1.83%","Yes","N/A","Equity",
"TSM","TAIWAN SEMICONDUCTOR M FSPONSORED ADR 1 ADR REPS 5 ORD SHS","36","402.7237","-1.5263","-0.38%","$14,498.05","-$54.95","-0.38%","$6,718.86","$7,779.19","115.78%","No","N/A","Equity",
"TTWO","TAKE-TWO INTERACTIVE SOF","5","248.21","5.29","2.18%","$1,241.05","$26.45","2.18%","$1,021.06","$219.99","21.55%","Yes","N/A","Equity",
"V","VISA INC CLASS A","6.025","366.77","0.64","0.17%","$2,209.79","$3.86","0.17%","$1,959.28","$250.51","12.79%","Yes","N/A","Equity",
"VMC","VULCAN MATLS CO","3.0548","277.5072","8.9372","3.33%","$847.73","$27.30","3.33%","$792.48","$55.25","6.97%","Yes","N/A","Equity",
"WM","WASTE MGMT INC DEL","34.8523","225.9281","-0.6219","-0.27%","$7,874.11","-$21.67","-0.27%","$5,313.47","$2,560.64","48.19%","Yes","N/A","Equity",
"WMT","WALMART INC","25.214","110.6493","-0.5507","-0.5%","$2,789.91","-$13.89","-0.5%","$2,449.80","$340.11","13.88%","Yes","N/A","Equity",
"XOM","EXXONMOBIL HLDGS CORP","17.3885","155.398","-0.042","-0.03%","$2,702.14","-$0.73","-0.03%","$1,797.72","$904.42","50.31%","Yes","N/A","Equity",
"BILS","STATE STREET SPDR BLOOMBERG 3-12 MONTH T-BILL ETF","107.3534","99.145","-0.295","-0.3%","$10,643.55","-$31.67","-0.3%","$10,663.88","-$20.33","-0.19%","Yes","N/A","ETFs & Closed End Funds",
"IGV","ISHARES EXPANDED TECH-SOFTWARE SECTOR ETF","56.0106","96.88","2.30","2.43%","$5,426.31","$128.82","2.43%","$3,788.45","$1,637.86","43.23%","Yes","N/A","ETFs & Closed End Funds",
"IYG","ISHARES U.S. FINANCIAL SERVICES ETF","71.4649","96.00","0.48","0.5%","$6,860.63","$34.30","0.5%","$3,628.27","$3,232.36","89.09%","Yes","N/A","ETFs & Closed End Funds",
"IYJ","ISHARES U.S. INDUSTRIALSETF","12.6144","165.69","1.77","1.08%","$2,090.08","$22.33","1.08%","$1,271.34","$818.74","64.4%","Yes","N/A","ETFs & Closed End Funds",
"RSPN","INVESCO S&P 500 EQUAL WEIGHT INDUSTRIALS ETF","166.1917","63.385","0.705","1.12%","$10,534.06","$117.17","1.12%","$8,333.97","$2,200.09","26.4%","Yes","N/A","ETFs & Closed End Funds",
"VGLT","VANGUARD LONG-TERM TREASINDEX FD ETF SHS","38.0678","52.8199","0.0499","0.09%","$2,010.74","$1.90","0.09%","$3,198.06","-$1,187.32","-37.13%","Yes","N/A","ETFs & Closed End Funds",
"VGT","VANGUARD INFORMATION TECHNOLOGY INDEX FUND ETF SHARES","96.2038","114.37","1.22","1.08%","$11,002.83","$117.37","1.08%","$5,279.20","$5,723.63","108.42%","Yes","N/A","ETFs & Closed End Funds",
"VNQ","VANGUARD REAL ESTATE INDEX FUND ETF SHARES","30.5867","99.062","0.112","0.11%","$3,029.98","$3.43","0.11%","$2,820.01","$209.97","7.45%","Yes","N/A","ETFs & Closed End Funds",
"XLB","STATE STREET MATERIALS SELECT SECTOR SPDR ETF","176.3318","50.61","0.18","0.36%","$8,924.15","$31.74","0.36%","$7,606.83","$1,317.32","17.32%","Yes","N/A","ETFs & Closed End Funds",
"XLC","STATE STREET COMMUNICATION SERVICES SELECT SECTOR SPDR ETF","88.8848","111.68","3.44","3.18%","$9,926.65","$305.76","3.18%","$6,883.08","$3,043.57","44.22%","Yes","N/A","ETFs & Closed End Funds",
"XLE","STATE STREET ENERGY SELECT SECTOR SPDR ETF","27.0057","59.115","-0.435","-0.73%","$1,596.44","-$11.75","-0.73%","$1,182.79","$413.65","34.97%","Yes","N/A","ETFs & Closed End Funds",
"XLP","STATE STREET CONSUMER STAPLES SELECT SECTOR SPDR ETF","133.7262","85.0216","-0.0284","-0.03%","$11,369.62","-$3.80","-0.03%","$9,624.29","$1,745.33","18.13%","Yes","N/A","ETFs & Closed End Funds",
"XLU","STATE STREET UTILITIES SELECT SECTOR SPDR ETF","43.1361","44.35","0.00","0%","$1,913.09","$0.00","0%","$1,283.75","$629.34","49.02%","Yes","N/A","ETFs & Closed End Funds",
"XLV","STATE STREET HEALTH CARESELECT SECTOR SPDR ETF","64.4768","161.905","-0.645","-0.4%","$10,439.12","-$41.59","-0.4%","$9,234.58","$1,204.54","13.04%","Yes","N/A","ETFs & Closed End Funds",
"XLY","STATE STREET CONSUMER DISCRETIONARY SELECT SECTOR SPDR ETF","42.1669","118.425","2.335","2.01%","$4,993.62","$98.46","2.01%","$4,954.92","$38.70","0.78%","Yes","N/A","ETFs & Closed End Funds",
"Cash & Cash Investments","--","--","--","--","--","$1,276.24","$0.00","0%","--","--","--","--","--","Cash and Money Market",
"Positions Total","","--","--","--","--","$223,603.20","$2,398.11","1.07%","$156,578.36","$65,748.60","41.99%","--","--","--",
