"Positions for account CEE Fund Mngd Endow ...047 as of 11:37 AM ET, 2026/08/03"

"Symbol","Description","Qty (Quantity)","Price","Price Chng $ (Price Change $)","Price Chng % (Price Change %)","Mkt Val (Market Value)","Day Chng $ (Day Change $)","Day Chng % (Day Change %)","Cost Basis","Gain $ (Gain/Loss $)","Gain % (Gain/Loss %)","Reinvest?","Reinvest Capital Gains?","Asset Type",
"AAPL","APPLE INC","63.7583","304.23","-4.68","-1.52%","$19,397.19","-$298.39","-1.52%","$8,148.58","$11,248.61","138.04%","Yes","N/A","Equity",
"AMZN","AMAZON.COM INC","47","285.8101","14.2301","5.24%","$13,433.07","$668.81","5.24%","$9,998.66","$3,434.41","34.35%","Yes","N/A","Equity",
"BRK/B","BERKSHIRE HATHAWAY CLASS B","10","513.8276","2.2876","0.45%","$5,138.28","$22.88","0.45%","$3,898.55","$1,239.73","31.8%","Yes","N/A","Equity",
"BX","BLACKSTONE INC","48.7151","130.3022","3.8422","3.04%","$6,347.68","$187.17","3.04%","$4,701.42","$1,646.26","35.02%","Yes","N/A","Equity",
"CAT","CATERPILLAR INC","23.8639","821.9647","7.1547","0.88%","$19,615.28","$170.74","0.88%","$4,848.51","$14,766.77","304.56%","Yes","N/A","Equity",
"CEG","CONSTELLATION ENERGY COR","16","271.3623","8.6123","3.28%","$4,341.80","$137.80","3.28%","$5,939.04","-$1,597.24","-26.89%","No","N/A","Equity",
"COST","COSTCO WHSL CORP NEW","4.2469","954.3523","2.4623","0.26%","$4,053.04","$10.46","0.26%","$1,780.19","$2,272.85","127.67%","Yes","N/A","Equity",
"CRWD","CROWDSTRIKE HLDGS INC CLASS CLASS A","40","196.14","5.28","2.77%","$7,845.60","$211.20","2.77%","$3,002.30","$4,843.30","161.32%","Yes","N/A","Equity",
"DLR","DIGITAL RLTY TR INC REIT","26.2648","190.9152","2.3952","1.27%","$5,014.35","$62.91","1.27%","$3,192.27","$1,822.08","57.08%","Yes","N/A","Equity",
"GOOG","ALPHABET INC CLASS CLASS C","84.7395","373.755","17.105","4.8%","$31,671.81","$1,449.47","4.8%","$8,717.55","$22,954.26","263.31%","Yes","N/A","Equity",
"HCA","HCA HEALTHCARE INC","11.1852","407.0199","4.4299","1.1%","$4,552.60","$49.55","1.1%","$3,711.19","$841.41","22.67%","Yes","N/A","Equity",
"HD","HOME DEPOT INC","10.1407","334.65","2.69","0.81%","$3,393.59","$27.28","0.81%","$3,833.92","-$440.33","-11.49%","Yes","N/A","Equity",
"HWM","HOWMET AEROSPACE INC","8.0037","283.3195","1.0595","0.38%","$2,267.60","$8.48","0.38%","$2,036.40","$231.20","11.35%","Yes","N/A","Equity",
"KO","THE COCA-COLA CO","105.704","86.97","-0.62","-0.71%","$9,193.08","-$65.54","-0.71%","$5,848.42","$3,344.66","57.19%","Yes","N/A","Equity",
"LLY","ELI LILLY AND CO","7.0332","1,115.00","-33.84","-2.95%","$7,842.02","-$238.00","-2.95%","$5,929.16","$1,912.86","32.26%","Yes","N/A","Equity",
"MA","MASTERCARD INC CLASS CLASS A","11.0194","573.9835","0.8835","0.15%","$6,324.95","$9.74","0.15%","$5,810.48","$514.47","8.85%","Yes","N/A","Equity",
"MBGL","MOBILITY GLOBAL INC","14","20.885","0.505","2.48%","$292.39","$7.07","2.48%","$298.31","-$5.92","-1.98%","No","N/A","Equity",
"META","META PLATFORMS INC CLASS A","16.0877","594.0011","37.2911","6.7%","$9,556.11","$599.93","6.7%","$9,914.94","-$358.83","-3.62%","Yes","N/A","Equity",
"MSFT","MICROSOFT CORP","36.5153","487.1802","22.4602","4.83%","$17,789.53","$820.14","4.83%","$9,938.90","$7,850.63","78.99%","Yes","N/A","Equity",
"NFLX","NETFLIX INC","43","73.1486","1.4386","2.01%","$3,145.39","$61.86","2.01%","$3,967.12","-$821.73","-20.71%","Yes","N/A","Equity",
"NUE","NUCOR CORP","50.4493","255.83","-1.46","-0.57%","$12,906.44","-$73.66","-0.57%","$6,516.58","$6,389.86","98.06%","Yes","N/A","Equity",
"NVDA","NVIDIA CORP","35.0449","206.386","5.636","2.81%","$7,232.78","$197.51","2.81%","$5,979.40","$1,253.38","20.96%","Yes","N/A","Equity",
"ORCL","ORACLE CORP","18.6604","136.96","7.09","5.46%","$2,555.73","$132.30","5.46%","$2,363.93","$191.80","8.11%","Yes","N/A","Equity",
"PFE","PFIZER INC","202.6719","24.955","-0.055","-0.22%","$5,057.68","-$11.15","-0.22%","$4,995.11","$62.57","1.25%","Yes","N/A","Equity",
"SBGSF","SCHNEIDER ELECTRIC ORDF","18","333.588","-0.2833","-0.08%","$6,004.58","-$5.10","-0.08%","$5,184.26","$820.32","15.82%","No","N/A","Equity",
"SPGI","S&P GLOBAL INC","14.0317","410.8345","-1.0955","-0.27%","$5,764.71","-$15.37","-0.27%","$5,878.37","-$113.66","-1.93%","Yes","N/A","Equity",
"SYK","STRYKER CORP","16.1688","334.845","9.145","2.81%","$5,414.04","$147.86","2.81%","$3,580.30","$1,833.74","51.22%","Yes","N/A","Equity",
"TKO","TKO GROUP HLDGS INC CLASS A","23","185.86","4.05","2.23%","$4,274.78","$93.15","2.23%","$4,669.58","-$394.80","-8.45%","No","N/A","Equity",
"TMUS","T-MOBILE US INC","20.109","176.5711","3.8611","2.24%","$3,550.67","$77.64","2.24%","$3,983.99","-$433.32","-10.88%","Yes","N/A","Equity",
"TSM","TAIWAN SEMICONDUCTOR M FSPONSORED ADR 1 ADR REPS 5 ORD SHS","14","402.70","-1.55","-0.38%","$5,637.80","-$21.70","-0.38%","$3,801.65","$1,836.15","48.3%","No","N/A","Equity",
"V","VISA INC CLASS A","33.0825","366.8916","0.7616","0.21%","$12,137.69","$25.20","0.21%","$8,340.91","$3,796.78","45.52%","Yes","N/A","Equity",
"WM","WASTE MGMT INC DEL","20.504","226.135","-0.415","-0.18%","$4,636.67","-$8.51","-0.18%","$3,164.24","$1,472.43","46.53%","Yes","N/A","Equity",
"WMT","WALMART INC","55.6287","110.675","-0.525","-0.47%","$6,156.71","-$29.21","-0.47%","$5,412.69","$744.02","13.75%","Yes","N/A","Equity",
"XOM","EXXONMOBIL HLDGS CORP","14.1925","155.365","-0.075","-0.05%","$2,205.02","-$1.06","-0.05%","$2,118.51","$86.51","4.08%","Yes","N/A","Equity",
"FDIS","FIDELITY MSCI CONSUMER DISCRETIONARY INDEX ETF","179.191","103.81","2.29","2.26%","$18,601.82","$410.35","2.26%","$15,960.85","$2,640.97","16.55%","Yes","N/A","ETFs & Closed End Funds",
"FTEC","FIDELITY MSCI INFORMATION TECHNOLOGY INDEX ETF","178.0567","272.985","2.885","1.07%","$48,606.81","$513.69","1.07%","$23,705.87","$24,900.94","105.04%","Yes","N/A","ETFs & Closed End Funds",
"IGV","ISHARES EXPANDED TECH-SOFTWARE SECTOR ETF","75.0142","96.87","2.29","2.42%","$7,266.63","$171.78","2.42%","$5,058.81","$2,207.82","43.64%","Yes","N/A","ETFs & Closed End Funds",
"NLR","VANECK URANIUM AND NUCLEAR ETF","21.2056","110.385","3.555","3.33%","$2,340.78","$75.39","3.33%","$1,232.99","$1,107.79","89.85%","Yes","N/A","ETFs & Closed End Funds",
"PSCT","INVESCO S&P SMALLCAP INFORMATION TECHNOLOGY ETF","123.0801","80.902","1.2809","1.61%","$9,957.43","$157.65","1.61%","$4,958.44","$4,998.99","100.82%","Yes","N/A","ETFs & Closed End Funds",
"QQQ","INVESCO QQQ TR","24.0826","696.32","8.33","1.21%","$16,769.20","$200.61","1.21%","$15,127.63","$1,641.57","10.85%","Yes","N/A","ETFs & Closed End Funds",
"RSPN","INVESCO S&P 500 EQUAL WEIGHT INDUSTRIALS ETF","60.5884","63.38","0.70","1.12%","$3,840.09","$42.41","1.12%","$2,233.97","$1,606.12","71.9%","Yes","N/A","ETFs & Closed End Funds",
"SMH","VANECK SEMICONDUCTOR ETF","8","539.45","-1.08","-0.2%","$4,315.60","-$8.64","-0.2%","$3,261.76","$1,053.84","32.31%","Yes","N/A","ETFs & Closed End Funds",
"VCSH","VANGUARD SHORT TERM COR BD ETF","84.4418","78.42","-0.20","-0.25%","$6,621.93","-$16.89","-0.25%","$6,719.14","-$97.21","-1.45%","Yes","N/A","ETFs & Closed End Funds",
"VFH","VANGUARD FINANCIALS INDEX FUND ETF SHARES","100.5711","140.015","0.785","0.56%","$14,081.46","$78.95","0.56%","$8,018.77","$6,062.69","75.61%","Yes","N/A","ETFs & Closed End Funds",
"VHT","VANGUARD HEALTH CARE INDEX FUND ETF SHARES","46.9324","303.925","-0.885","-0.29%","$14,263.93","-$41.54","-0.29%","$12,306.20","$1,957.73","15.91%","Yes","N/A","ETFs & Closed End Funds",
"VIS","VANGUARD INDUSTRIALS INDEX FUND ETF SHARES","18.9824","348.93","4.49","1.3%","$6,623.53","$85.23","1.3%","$3,651.59","$2,971.94","81.39%","Yes","N/A","ETFs & Closed End Funds",
"VOO","VANGUARD S&P 500 ETF","61.4979","694.3163","7.6663","1.12%","$42,698.99","$471.46","1.12%","$38,806.82","$3,892.17","10.03%","Yes","N/A","ETFs & Closed End Funds",
"VTI","VANGUARD MORNINGSTAR TOTAL STOCK MARKET ETF","33.2895","372.715","4.505","1.22%","$12,407.50","$149.97","1.22%","$11,152.97","$1,254.53","11.25%","Yes","N/A","ETFs & Closed End Funds",
"VUG","VANGUARD MORNINGSTAR GROWTH ETF","144.2051","86.8413","1.6413","1.93%","$12,522.96","$236.68","1.93%","$12,039.51","$483.45","4.02%","Yes","N/A","ETFs & Closed End Funds",
"XLB","STATE STREET MATERIALS SELECT SECTOR SPDR ETF","69.2228","50.615","0.185","0.37%","$3,503.71","$12.81","0.37%","$2,613.93","$889.78","34.04%","Yes","N/A","ETFs & Closed End Funds",
"XLC","STATE STREET COMMUNICATION SERVICES SELECT SECTOR SPDR ETF","12.8051","111.70","3.46","3.2%","$1,430.33","$44.31","3.2%","$1,075.39","$354.94","33.01%","Yes","N/A","ETFs & Closed End Funds",
"XLE","STATE STREET ENERGY SELECT SECTOR SPDR ETF","65.8833","59.10","-0.45","-0.76%","$3,893.70","-$29.65","-0.76%","$3,523.50","$370.20","10.51%","Yes","N/A","ETFs & Closed End Funds",
"XLF","STATE STREET FINANCIAL SELECT SECTOR SPDR ETF","131.6149","57.16","0.22","0.39%","$7,523.11","$28.96","0.39%","$4,792.50","$2,730.61","56.98%","Yes","N/A","ETFs & Closed End Funds",
"XLP","STATE STREET CONSUMER STAPLES SELECT SECTOR SPDR ETF","66.32","85.0177","-0.0323","-0.04%","$5,638.37","-$2.14","-0.04%","$4,568.21","$1,070.16","23.43%","Yes","N/A","ETFs & Closed End Funds",
"XLU","STATE STREET UTILITIES SELECT SECTOR SPDR ETF","183.036","44.355","0.005","0.01%","$8,118.56","$0.92","0.01%","$6,109.62","$2,008.94","32.88%","Yes","N/A","ETFs & Closed End Funds",
"91282CLW9","US TREASUR NT 4.25%11/34UST NOTE DUE 11/15/34","25,000","97.3047","N/A","N/A","$24,326.17","N/A","N/A","$24,758.72","-$432.55","-1.75%","No","N/A","Fixed Income",
"Cash & Cash Investments","--","--","--","--","--","$7,223.71","$0.00","0%","--","--","--","--","--","Cash and Money Market",
"Positions Total","","--","--","--","--","$547,326.98","$6,993.77","1.28%","$383,182.62","$156,920.65","40.95%","--","--","--",
